unit	lessons	page	prompt	answer	distractors	anchor
01	01,02,03	4	أين يلتقي عظما الفك العلوي الأيمن والأيسر؟	الدرز المتوسط	المفصل الفكي الصدغي~لجام اللسان~قناة ستنسن	الدرز
01	01,02	4	ما البنى المخصصة لانغراس جذور الأسنان في الحافة السنخية؟	الأسناخ	الحليمات اللسانية~الغدد اللعابية~اللهاة	مناطق مخصصة
01	01	4	يتألف الفك العلوي من اتحاد أي عظمتين؟	الفك العلوي الأيمن والأيسر	الفك السفلي والحنك~الحنك واللسان~السن والعظم السنخي	عظمي
02	01,02,03	5	ما شكل الفك السفلي الذي يذكره المقرر؟	نعل فرس	مخروط~صفيحة دائرية~كرة	نعل فرس
02	01,02	5	ما أجزاء الفك السفلي الأساسية؟	جسم أفقي وشعبتان صاعدتان	جسم أفقي وثلاث شعب~شعبتان دون جسم~قبة صلبة وقبة رخوة	جسم أفقي
02	01,02,03	5	بأي مفصل يرتبط الفك السفلي بالجمجمة؟	المفصل الفكي الصدغي	الدرز المتوسط~الميزاب اللثوي~الملتقى المينائي العاجي	بالمفصل
02	01,02	5	أي جزء من الفك السفلي يشارك في اتصاله بالمفصل الفكي الصدغي؟	لقمتا الفك السفلي	الحافة السنخية فقط~القواطع السفلية~اللجام اللساني	لقمتي
03	01,04	6	أين تقع مخاطية الفم بالنسبة لجهاز الهضم؟	في مدخله	في نهايته~في القولون فقط~في المعدة فقط	مدخل جهاز
03	01	6	أي خاصية ترميمية يذكرها المقرر لمخاطية الفم؟	القدرة على التندب والترميم	انعدام القدرة على الترميم~تحولها إلى ميناء~تحولها إلى عظم سنخي	التندب والترميم
03	02,03,04	6	ماذا تسمى نهايتا الخط الشفهي؟	صوار الفم	لجام اللسان~اللهاة~الدرز المتوسط	صوار الفم
03	02,04	6	ما المناطق الثلاث المميزة في الشفة؟	جلدية ومخاطية وانتقالية	ميناء وعاج ولب~لثة ورباط وعظم~نكفية وتحت فكية وتحت لسانية	ثالث مناطق
03	02,03	6	أي منطقة من الشفة تسمى المنطقة الحمراء؟	المنطقة الانتقالية	المنطقة الجلدية الخارجية~المنطقة المخاطية الداخلية~صفيحة العظم السنخي	المنطقة الحمراء
04	01,02,06	7	ما الحاجز بين حفرة الفم والحفرتين الأنفيتين؟	سقف الفم	قاع الفم~الخط الشفهي~الرباط السنخي	الحاجز
04	01,02,06	7	ما الجزء الأمامي من قبة الحنك؟	الحنك الصلب	الحنك الرخو~اللهاة~جذر اللسان	الجزء األمامي
04	01,02,06	7	ما الاسم الآخر للحنك الرخو الوارد في المقرر؟	شراع الحنك	جسم اللسان~الدرز المتوسط~الرباط السنخي	شراع الحنك
04	01,02	7	بماذا ينتهي شراع الحنك من الخلف؟	اللهاة	الحليمة الكأسية~الغدة النكفية~اللجام اللساني	تسمى اللهاة
04	01,02	7	ما أثر ارتفاع شراع الحنك للخلف أثناء البلع؟	إغلاق فوهة البلعوم الأنفي	فتح الأسناخ السنية~زيادة عمق الجيب اللثوي~إغلاق قناة ستنسن	فيغلق فوهة
04	03,06	8	ما نوع العضو الذي يشغل قاع الفم ويُسمى اللسان؟	عضو عضلي	عضو عظمي~طبقة مينائية~غدة لعابية كبرى	عضو عضلي
04	03	8	أين يشاهد لجام اللسان؟	على الوجه السفلي للسان	على ظهر اللسان~داخل السن~على الحنك الصلب	الوجه السفلي
04	04	8	أي نوع من الحليمات يستثنيه المقرر من وجود براعم الذوق؟	الحليمات الخيطية	الحليمات الكأسية~الحليمات الكمئية~الحليمات الورقية	عدا الحليمات الخيطية
04	04	8	ما الحليمات المتوضعة بشكل السبعة اللسانية؟	الحليمات الكأسية	الحليمات الخيطية~الحليمات اللثوية~الحليمات بين السنية	السبعة اللسانية
05	01,07	9	ما الإفراز الذي تنتجه الغدد اللعابية؟	اللعاب	الميناء~الملاط~القلح	تصنيع اللعاب
05	01	9	أي عملية من وظائف اللعاب المذكورة في المقرر؟	تسهيل المضغ والبلع	تشكيل جذور الأسنان مباشرة~تشكيل الأسناخ~تكوين اللقمتين	تسهيل المضغ
05	02,03,07	9	ما أكبر الغدد اللعابية المذكورة؟	الغدة النكفية	الغدة تحت اللسان~الغدد الصغيرة~الغدة تحت الفكية	أكبر الغدد
05	02,03,07	9	ما القناة الرئيسية المفرغة للغدة النكفية؟	قناة ستنسن	قناة وارطون~قناة بارتولين~قناة الجذر	ستنسن
05	02,03	9	أين تنفتح قناة الغدة النكفية وفق المقرر؟	مقابل الرحى الثانية العلوية	خلف الثنية السفلية~عند ذروة اللسان~داخل الجيب اللثوي	الرحى الثانية العلوية
05	02,03,07	9	ما القناة المفرغة للغدة تحت الفكية؟	قناة وارطون	قناة ستنسن~قناة بارتولين~قناة الجذر	وارطون
05	02,03,07	9	ما القناة المذكورة للغدة تحت اللسان؟	قناة بارتولين	قناة وارطون~قناة ستنسن~قناة الجذر	بارتولين
05	04	9	أين تنتشر الغدد اللعابية الصغيرة بحسب المقرر؟	الشفاه ودهليز الفم واللسان والحنك	جذور الأسنان فقط~اللب فقط~الميناء فقط	الغدد اللعابية الصغيرة
05	05	10	أي الغدد تسهم بالحصة الأكبر من اللعاب في الأرقام التي يعرضها المقرر؟	الغدد تحت الفكية	الغدد النكفية~الغدد تحت اللسانية~الغدد الصغيرة	%69
05	06	10	ماذا يجب ذكره لجعل نسب مكونات اللعاب قابلة للتفسير؟	ظروف جمع اللعاب	لون الأسنان فقط~عدد الأرحاء فقط~شكل القوس السنية فقط	الظروف
05	06	10	على ماذا يعتمد تركيب اللعاب بحسب المقرر؟	طبيعة وشدة التحريض للإفراز	عدد الحليمات اللثوية وحده~شكل السن وحده~لون المخاطية وحده	طبيعة وشدة
06	01,05,07	12	كم عدد الأسنان اللبنية في المجموعة الكاملة؟	20	16~28~32	وعددها عشرون
06	01,05	12	كم سنًا لبنية في كل فك؟	10	5~16~20	في كل فك عشرة
06	01,05	12	أي مجموعة تمثل الأسنان اللبنية في ربع واحد؟	ثنية ورباعية وناب ورحيان	ثنية ورباعية وناب وضاحكان~ثنية وثلاثة ضواحك~ناب وأربعة أرحاء	ثنية
06	01,03	12	ما اسم امتصاص جذور الأسنان المؤقتة قبل سقوطها الطبيعي؟	امتصاص فيزيولوجي	انحسار لثوي~نخر عاجي~تمعدن ثانوي	امتصاص فيزيولوجي
06	03	13	لماذا يفيد بقاء السن اللبنية حتى سقوطها الطبيعي؟	حفظ مكان السن الدائمة	منع تكون جذور الأسنان الدائمة~زيادة عدد الأسنان~إلغاء البزوغ الدائم	يحفظ
06	03	13	ما الجهاز المذكور للحفاظ على فراغ السن الدائمة بعد قلع لبني مبكر عند الحاجة؟	حافظة مسافة	جهاز رفع العضة~كابح اللسان~وتد وقلب	حافظة
06	04	14	كيف يصف المقرر عملية بزوغ الأسنان من حيث طبيعتها؟	عملية فيزيولوجية طبيعية	مرض إنتاني دائم~اضطراب سرطاني~نوع من التلون المعدني	عملية فيزيولوجية
06	01,05,07	15	كم عدد الأسنان الدائمة في المجموعة الكاملة التي تشمل أضراس العقل؟	32	20~16~28	وعددها
06	05	15	كم سنًا دائمة في كل ربع وفق المقرر؟	8	5~10~16	في كل طرف ثمان
06	05,07	15	أي رحى يطلق عليها ضرس العقل؟	الرحى الثالثة	الرحى الأولى~الرحى الثانية~الضاحك الثاني	ضرس العقل
06	06	15	أين تتوضع الأسنان الزائدة المسماة بالأسنان الأنسية؟	بين الثنايا العلوية	خلف الأرحاء الثالثة السفلية فقط~في قاع الفم~على الحنك الرخو	بين الثنايا العلوية
06	06	16	إلى أي مجموعة يصنف المقرر صغر الأسنان؟	شذوذات الشكل	شذوذات العدد~أمراض اللثة~التلونات المعدنية	صغر األسنان
06	06-b	16	إلى أي مجموعة ينتمي سوء تصنع الميناء؟	شذوذات بنية الأسنان	أمراض الغدد اللعابية~شذوذات عدد الأسنان~التهابات الفم المعدنية	سوء تصنع الميناء
06	06-b	16	ما سبب اللون المائل للأزرق في بعض أكياس البزوغ؟	تجمع الدم	ترسب النحاس~زيادة سماكة الميناء~تكون القلح	تجمع الدم
07	01,02,06,07	17	ما النسيج الذي يشكل الغطاء الخارجي المتين للتاج السني؟	الميناء	العاج~الملاط~اللب	الطبقة الخارجية
07	02,06	17	كيف تكون سماكة الميناء عند العنق مقارنة بذرى الحدبات؟	أقل سماكة	أكثر سماكة~متساوية دائمًا~لا توجد ميناء بأي منهما	تختلف سماكة
07	02	17	بماذا يفسر المقرر اصفرار منطقة عنق السن قليلًا؟	رقة الميناء وظهور لون العاج	زيادة سماكة الميناء~اختفاء العاج~تغطية اللب لسطح السن	عنق السن بلون
07	02	17	ما العنصران النسيجيان الأساسيان للميناء في المقرر؟	المواشير المينائية والمادة اللاصقة	الأعصاب والشرايين~الألياف الرباطية والعظم~اللثة والملاط	عنصرين أساسيين
07	01,03,06,07	18	ما النسيج الذي يشكل الكتلة المركزية لنسج السن الصلبة؟	العاج	الميناء~اللب~اللثة	الكتلة المركزية
07	03,06	18	كيف تقارن صلابة العاج بالميناء والعظم؟	أقل من الميناء وأكثر من العظم	أكثر من الميناء وأقل من العظم~أقل منهما معًا~أكثر منهما معًا	أقل صالبة
07	03	18	ما نسبة المواد المعدنية في العاج وفق أرقام المقرر؟	70%	17%~13%~3%	%70
07	03	18	ما البنى الصغيرة التي تجتاز العاج من جهة اللب إلى المحيط؟	الأنابيب العاجية	الحليمات الذوقية~الأقنية اللعابية~الجيوب اللثوية	األنابيب العاجية
07	01,04,06,07	19	ما النسيج الذي يغلف جذور الأسنان؟	الملاط	الميناء~اللب~اللهاة	يغلف الجذور
07	01,05,06,07	19	ما النسيج الحي الموجود داخل السن؟	اللب	الميناء~القلح~الصفيحة الجرثومية	النسيج الحي
07	05	19	أي مكونات يذكرها المقرر في اللب السني؟	ألياف عصبية وأوعية دموية	مواشير مينائية فقط~أملاح معدنية فقط~بروتينات اللويحة فقط	ألياف عصبية
07	05,07	19	ما نوع العاج الذي يتشكل طبيعيًا مع الزمن على جدران اللب؟	العاج الثانوي	العاج الثالثي~الملاط~الميناء	العاج الثانوي
07	05,07	19	ما اسم العاج المتشكل كرد دفاعي تجاه مؤثر مؤذٍ؟	العاج الثالثي	العاج الثانوي~الميناء~الملاط	العاج الثالثي
08	01,05,06	21	أي قائمة تشمل العناصر الأربعة للنسج الداعمة الواردة في التعريف الأول للمقرر؟	الملاط والأسناخ والرباط واللثة	الميناء والعاج واللب واللعاب~الشفة والخد واللسان والحنك~النكفية وتحت الفكية وتحت اللسان واللهاة	وتشمل
08	02,05,06	22	ماذا تغلف اللثة وماذا تحيط؟	تغلف العظم السنخي وتحيط بأعناق الأسنان	تغلف اللب وتحيط بالأوعية~تغلف اللسان وتحيط بالغدد~تغلف الميناء داخل السن	تغلف اللثة
08	02,06	22	ما المنطقة اللثوية المتوضعة بين الأسنان؟	اللثة الحليمية	اللثة الملتصقة~مخاطية الخد~الحنك الرخو	اللثة الحليمية
08	02	22	أي عامل يذكره المقرر ضمن العوامل المؤثرة في لون اللثة؟	التروية الدموية	عدد جذور الضواحك فقط~طول قناة ستنسن فقط~شكل لقمة الفك فقط	التروية الدموية
08	02	23	بماذا يشبه المقرر تجعيدات سطح اللثة؟	قشر البرتقال	سطح الزجاج~خيوط القطن~بلورات الملح	قشر البرتقال
08	03,05,06	23	ما الذي يربط ملاط السن بالعظم السنخي؟	الرباط السنخي السني	الميناء~اللب~لجام اللسان	وبمالط السن
08	03	23	أي مكونات توجد في الرباط السنخي السني؟	أوعية دموية وألياف عصبية	مواشير مينائية فقط~حليمات ذوقية~غدد نكفية	الشرايين واألوردة
08	04,05,06	24	ما اسم العظم الذي تنغرس فيه الأسنان؟	العظم السنخي	العاج~الملاط~الحنك الرخو	تنغرس فيه
08	04	24	ماذا يذكر المقرر عن العظم السنخي بعد قلع الأسنان؟	يتعرض للامتصاص	يتحول إلى ميناء~يتحول إلى لب~تتكون فيه حليمات ذوقية	يمتص هذا
09	01,06	26	ما أهم عاملين موضعيين يذكرهما المقرر في أسباب التهاب اللثة؟	الصفيحة الجرثومية والقلح	اللعاب والميناء~الحنك واللسان~الملاط والعاج	الصفيحة الجرثومية والقلح
09	01,06	26	ما معنى التهاب لثة موضّع في تصنيف المقرر؟	يشمل اللثة حول سن أو مجموعة أسنان	يشمل جميع الأسنان بالضرورة~يصيب اللسان فقط~يصيب الغدد فقط	مجموعة أسنان
09	01,06	26	ماذا يسمى التهاب اللثة حول جميع الأسنان؟	التهاب لثة معمم	التهاب لثة موضع~نخر عاجي~التهاب لب	جميع األسنان
09	01,03	26	ما التغيرات المرافقة لالتهاب اللثة التي يذكرها المقرر؟	تغير اللون والقوام والملمس والنزف	تكون طبقة ميناء جديدة~زيادة عدد الأسنان~تغير عدد الغدد اللعابية	اللون والقوام
09	02,06	27	في وصف التهاب اللثة البسيط، أي بنية لا يمتد إليها الالتهاب؟	المسافة الرباطية حول السنية	اللثة الحفافية~الحليمة اللثوية~سطح اللثة	المسافة الرباطية
09	02,06	27	بأي تغيرات يرتبط التهاب اللثة الهرموني في المقرر؟	تغير الهرمونات الجنسية	تبدل عدد الأسنان فقط~تغير لون الميناء فقط~تكون أكياس البزوغ فقط	الهرمونات الجنسية
09	02-b,06	27	ما الأثر الموضعي للتنفس الفموي على سطح اللثة؟	الجفاف	زيادة سماكة الميناء~تكوين عاج ثالثي~تحويل اللثة إلى عظم	جفاف سطح
09	02-b,03,06	28	ما البنى التي تتقرح وتتموت في التهاب اللثة التقرحي التموتي الحاد وفق الوصف؟	الحليمات والحواف اللثوية	المواشير المينائية فقط~قنوات الغدد فقط~اللقمتان فقط	تموت الحليمات
09	02-b,06	28	ما العامل الذي يذكره المقرر لالتهاب اللثة القوبائي؟	فيروس القوباء البسيط	المبيضات البيض~غبار النحاس~القلح وحده	فيروس القوباء
09	04,06	29	إلى أي نسيج يمتد الالتهاب في وصف التهاب اللثة حول السن؟	العظم الواقع تحت اللثة	الميناء فقط~الغدة النكفية فقط~الحنك الرخو فقط	العظم الواقع
09	04	29	بماذا يرتبط تشكل بعض الخراجات اللثوية الرباطية في المقرر؟	انسداد الجيب وانحصار القيح	تشكل الميناء~زيادة اللعاب وحدها~البزوغ الطبيعي وحده	انسداد الجيب
09	05,06	30	ما المقصود بالتهاب اللثة الضخامي في وصف المقرر؟	زيادة حجم اللثة	نقص عدد الأسنان~تكون عاج ثالثي~زيادة حجم قناة ستنسن	زيادة في حجم
09	05,06	30	ما الضخامة المختلطة وفق تصنيف المقرر؟	ضخامة تنسجية تختلط بالتهاب	انحسار لثوي دون تضخم~نخر مينائي مع تلون~بزوغ سن دائمة	ضخامة تنسجية تختلط
10	01,06	30	بماذا ترتبط الحركة المرضية للأسنان في المقرر؟	فقدان الدعم حول السن	زيادة سماكة الميناء~زيادة عدد الحليمات~زيادة تصنع اللعاب	فقدان جزئي
10	01	30	أي حركة تضاف في الدرجة الثالثة ضمن تصنيف الحركة الوارد بالمقرر؟	حركة شاقولية	حركة اللسان~حركة اللهاة~حركة القناة النكفية	حركة شاقولية
10	02,06	30	ما المقصود بالانحسار اللثوي؟	تراجع اللثة عن السن	زيادة حجم اللب~زيادة ارتفاع الحليمات الذوقية~زيادة سماكة الميناء	تراجع النسج
10	02	31	أي سلوك يذكره المقرر ضمن أسباب بعض الانحسارات اللثوية؟	التفريش الخاطئ	البلع الطبيعي~البزوغ الطبيعي~الإفراز اللعابي الطبيعي	التفريش الخاطئ
10	03,06	31	ما الضرر السني المذكور مع استمرار الصرير؟	انسحال الأسنان غير الطبيعي	زيادة عدد الأسنان~نمو الحليمات اللسانية~تشكل براعم ذوق جديدة	انسحال االسنان
10	04,06	32	ما تعريف الإطباق الرضي في المقرر؟	قوى إطباقية غير طبيعية تؤذي النسج الداعمة	إفراز لعاب طبيعي~بزوغ سني طبيعي~تلون غذائي سطحي فقط	قوى اطباقية
10	04	32	أي مثال يذكره المقرر ضمن العوامل المرتبطة بالإطباق الرضي؟	المضغ وحيد الجانب	بلع اللعاب الطبيعي~ترميم متقن يراعي الإطباق~الانسجام الطبيعي لنقاط التماس	المضغ وحيد
10	05,06	33	ما اسم التهاب النسج المحيطة بسن في طور البزوغ؟	التواج	القلاع~السلاق~الطلاوة	طور البزوغ
10	05	33	ما السن المرتبط غالبًا بالتواج في المقرر؟	الرحى الثالثة السفلية	الثنية العلوية~الناب العلوي~الضاحك الأول العلوي	الرحى الثالثة
11	01,05	35	أي نوع من التهاب الفم يربطه المقرر بتراكم الصفيحة وتحولها إلى قلح؟	التهاب الفم القلحي	التهاب الفم القلاعي~السلاق~النكاف	الفم القلحي
11	01	35	ما مظهر الحليمات في وصف التهاب الفم القلحي؟	حمراء محتقنة وقد تنزف باللمس	تتحول إلى ميناء~تفرز اللعاب النكفي~تصبح براعم ذوق	حليمات لثوية حمراء
11	02,05	35	أي مادة يذكرها المقرر ضمن مكونات التبغ المحرضة للالتهاب؟	القطران	الهيدروكسي أباتيت~الكالسيوم وحده~الماء وحده	القطران
11	03,05	36	ما العامل المتعلق بصنع التعويض الذي قد يسبب قرحات رضية؟	الحواف غير المنتظمة	الصقل الجيد~الحواف الملائمة~الاستقرار الجيد	حواف غير منتظمة
11	03	36	ما علاقة خشونة السطح الداخلي للجهاز بالتهاب الفم في المقرر؟	تعد من العوامل المسببة للتخريش	تحول المخاطية إلى ميناء~تمنع كل التهاب~تلغي الحاجة إلى ملاءمة الجهاز	الخشونة الموجودة
11	04,05	37	أي التهاب معدني يصفه المقرر بخط أزرق مسود على الحفافات اللثوية عند التعرض للرصاص؟	التهاب الفم الرصاصي	التهاب الفم القلحي~القلاع~السلاق	التسمم الرصاصي
11	04	37	ما المعدن الذي يرتبط بالخط البزموتي في المقرر؟	البزموت	النحاس~الحديد~الفضة	البزموت
11	04	38	ما طرق امتصاص الزئبق التي يذكرها المقرر؟	الجلد والجهازان التنفسي والهضمي	الأسنان وحدها~اللهاة وحدها~الميناء وحدها	من خالل الجلد
12	01,05	40	ما مظهر مركز القرحة القلاعية والهالة المحيطة بها في وصف المقرر؟	مركز مصفر وهالة حمراء	مركز أسود وهالة خضراء~مركز أزرق وهالة سوداء~مركز بني وهالة رمادية	مركزه مصفر
12	01	40	كيف يصف المقرر الإحساس عند لمس الآفات القلاعية؟	مؤلم	عديم الإحساس دائمًا~يمنع البلع الطبيعي دائمًا~لا علاقة له بالألم	لمس هذه اآلفات
12	02,05	41	ما التغير اللثوي المرتبط باستعمال الديلانتين في المقرر؟	تضخم اللثة	تكون ميناء جديدة~زيادة عدد الأسنان~تكون أسنان زائدة	تضخم في اللثة
12	03,05	41	ما العامل المسبب للسلاق في المقرر؟	المبيضات البيض	فيروس القوباء البسيط~القلح~غبار الحديد	المبيضات البيض
12	03	41	ما أثر الاستخدام المطول لبعض المضادات الحيوية على بيئة الفم كما يذكر المقرر؟	اختلال توازن العضويات والجراثيم	زيادة عدد الغدد~تكون ميناء جديدة~زيادة عدد الأسنان	توازن العضويات
12	04,05	42	ما الغدة الأكثر تأثرًا بالنكاف بحسب المقرر؟	الغدة النكفية	الغدة تحت اللسان وحدها~الغدد الصغيرة وحدها~الغدة الدرقية	الغدة النكفية
12	04	42	كيف ينتشر النكاف وفق المقرر؟	التماس والإرذاذ اللعابي	القلح وحده~التلون المعدني وحده~المواشير المينائية	االرذاذ اللعابي
12	04	42	ما تصنيف النكاف من حيث اقتصاره على الفم في المقرر؟	مرض جهازي أكثر منه موضعيًا	مرض في الميناء فقط~تلون سطحي فقط~شذوذ في عدد الأسنان	مرضا ً جهازيا
13	01,05	44	كيف يصف المقرر اللون المعتاد للطلاوة؟	أبيض رمادي أو أبيض مصفر	أزرق صافٍ~أخضر داكن دائمًا~أحمر قانٍ دائمًا	أبيض رماديا
13	01	44	كيف يصف المقرر ملمس سطح الطلاوة غالبًا؟	خشونة وتجعد	سطح معدني لامع~سائل حر~شفافية كالزجاج	بخشونة واضحة
13	02,05	45	أين يذكر المقرر توضع كثير من آفات سرطان مخاطية دهليز الفم؟	قرب مستوى الإطباق أو أخفض قليلًا	داخل قناة الجذر فقط~داخل الغدة النكفية فقط~داخل الميناء فقط	لمستوى اإلطباق
13	03,05	46	ما سبب احتمال تأخر التعرف على سرطان اللثة المذكور في المقرر؟	تشابهه مع التهابات لثوية سنية المنشأ	وجود ميناء إضافية~زيادة عدد الأسنان~اختفاء جميع أعراض الفم	يشبه االلتهابات
13	03	46	في أي منطقة من الشفة يصف المقرر ظهور الورم سريريًا؟	المنطقة الحمراء الانتقالية	داخل اللب~داخل العظم السنخي فقط~في قناة ستنسن	المنطقة الحمراء
13	04,05	47	ما المواقع الشائعة لسرطان اللسان في وصف المقرر؟	السطوح الجانبية أو السطح السفلي	ظهر اللسان حصرًا~الميناء والعاج~الغدة تحت الفكية	سطوحه الجانبية
14	01,05	49	ما تعريف القلح في المقرر؟	كتل صلبة متكلسة ملتصقة بالأسنان والتعويضات	نسيج حي داخل السن~طبقة عضلية في الخد~غدة تحت اللسان	كتل صلبة
14	01	49	لماذا يكثر القلح قرب لساني القواطع السفلية ودهليزي الأرحاء العلوية؟	قربها من مناطق الانصباب اللعابي	بعدها عن اللعاب~خلوها من اللعاب دائمًا~لأنها مناطق بلا أسنان	االنصباب
14	02,05	49	ما الاسم الآخر للقلح فوق اللثوي؟	القلح اللعابي	القلح المصلي~العاج الثالثي~الملاط	فوق اللثوي أو اللعابي
14	03,05	49	أين يتوضع القلح تحت اللثوي؟	تحت قمة اللثة الحرة وخصوصًا في الجيوب	على ظهر اللسان~داخل اللب~على الحنك الرخو	تحت قمة اللثة
14	02,03	49	أي النوعين يصفه المقرر بأنه كثيف شديد الالتصاق وداكن اللون؟	القلح تحت اللثوي	القلح فوق اللثوي~اللعاب~الميناء الطبيعية	كستنائي
14	04	50	ما لون التلون المرتبط بغبار النحاس في المقرر؟	أخضر	أسمر~أبيض~أحمر	غبار النحاس
14	04	50	ما لون التلون المرتبط بغبار الحديد في المقرر؟	أسمر	أخضر~أبيض~أحمر	غبار الحديد
15	01	52	كيف يصنف المقرر بخر الفم؟	عرض وليس مرضًا مستقلًا	نسيج سني~غدة لعابية~مرحلة بزوغ	كعرض وليس
15	01	52	ما أثر جفاف الفم على الرائحة وفق المقرر؟	يزيد الرائحة	يلغي الرائحة دائمًا~يزيد عدد الأسنان~يغير شكل اللقمة	جفاف الفم
15	01,02	54	أي مثال يعد من الأسباب الفموية للبخر؟	النخور السنية	التهاب القصبات~خراجات الرئة~التهاب الجيوب	النخور السنية
15	02	54	أي مثال يصنف ضمن أسباب البخر العامة خارج الفم؟	التهاب القصبات	النخور السنية~تموت اللب~الجيوب اللثوية	التهاب القصبات
15	03	55	بماذا تختلف إزالة أسباب البخر عن تخفيف الرائحة مؤقتًا؟	تعالج العوامل المؤثرة بدل الاكتفاء بالأثر المؤقت	تعني إخفاء الرائحة فقط~تعني زيادة عدد الأسنان~تعني إلغاء تنظيف الفم	انقاص مؤقت
16	01,02	57	على أي مجموعة سنية تؤثر عادة دفع اللسان غالبًا؟	الأسنان الأمامية	أضراس العقل وحدها~الأرحاء الخلفية حصرًا~الأسنان غير البازغة حصرًا	األسنان األمامية
16	02	57	أي أثر يذكره المقرر للدفع اللساني المستمر؟	ميَلان وتباعد الأسنان الأمامية	تكوين أسنان زائدة~زيادة سماكة الميناء~نمو قنوات لعابية	تتباعد
16	01,03	58	أي من التالي سبب انسدادي محتمل للتنفس الفموي في المقرر؟	ضخامة اللوزات أو الناميات	التلون بالنحاس~القلح تحت اللثوي وحده~سوء تصنع العاج وحده	ضخامة اللوزات
16	03	58	بماذا يربط المقرر التهاب اللثة مع التنفس الفموي؟	جفاف الفم	زيادة تكوّن الميناء~زيادة عدد الأسنان~زيادة عدد الغدد	بسبب جفاف
16	04,04-b	61	ما اتجاه ميل الأسنان الأمامية العلوية المذكور مع مص الإصبع؟	دهليزيًا	لسانيًا~نحو اللب~نحو ذروة الجذر داخل السن	العلوية دهليزيا
16	04,04-b	61	ما اتجاه ميل الأسنان الأمامية السفلية المذكور مع مص الإصبع؟	لسانيًا	دهليزيًا~نحو الميناء داخل السن~نحو قبة الحنك	السفلية لسانيا
16	04-b	61	أي عامل يجب مراعاته في أثر مص الإصبع حسب المقرر؟	وضعية الإصبع ومدة العادة وتكرارها	نوع السن وحده~حجم اللثة وحده~موعد البزوغ وحده	وضعية اإلصبع
16	05	63	ما التغير اللوني السني المذكور عند المدخنين؟	فضلات سمراء تشبه القطران	ازدياد بياض الأسنان دائمًا~زوال كل تصبغ~تحول الأسنان إلى شفافة	فضالت سمراء
16	05	63	ماذا قد يسبب مسك الغليون في مكان واحد بحسب المقرر؟	انسحالًا سنيًا موضعيًا	زيادة عدد الأسنان~تكون حليمات ذوق جديدة~تضاعف عدد الغدد	مسك الغليون
17	01,02	65	ماذا تنتج الجراثيم من فضلات الطعام الغنية بالسكاكر في تفسير النخر بالمقرر؟	حموض	ميناء جديدة~ملاط جديد~ألياف رباطية	إلى حموض
17	01,02	65	ما أثر الحموض على النسج السنية المعدنية في تفسير المقرر؟	حل النسج المعدنية	زيادة عدد الأسنان~تكوين الغدد~زيادة حجم اللهاة	النسج السنية المعدنية
17	02	65	ما اسم تجمعات الجراثيم ضمن هيكل من بروتيدات وشحوم وسكاكر متعددة؟	اللويحات الجرثومية	براعم الذوق~المواشير المينائية~الغدد الصغيرة	اللويحات الجرثومية
17	02-b	66	لماذا تؤثر قابلية التصاق الغذاء السكري في خطر النخر؟	لارتباطها ببقائه في الفم	لأنها تزيد عدد الأسنان~لأنها تحول اللعاب إلى عظم~لأنها تلغي الجراثيم	المنتجات السكرية الصقة
17	02-b	66	عند تساوي المقدار، أي نمط استهلاك يصفه المقرر بأنه أقل ضررًا؟	تناوله خلال فترة قصيرة	تناوله ممتدًا على فترة أطول~إبقاؤه ملتصقًا طوال الليل~تكراره دون فواصل	فترة زمنية قصيرة
17	03	68	أي سطوح يذكر المقرر شيوع النخر فيها مقارنة بالملساء؟	الوهاد والشقوق	السطوح الملساء فقط~سطوح اللثة~سطح اللسان	الوهاد والشقوق
17	03	69	كيف يمكن لفقدان نقطة التماس مع التعويض أن يؤهب للنخر؟	يسمح بانحصار البقايا الطعامية	يمنع تراكم الطعام~يزيد عدد الأسنان~يمنع وجود الجراثيم	فقدان نقط التماس
17	04	69	ما اتجاه انتشار النخر في العاج نحو مركز السن وفق المقرر؟	على امتداد الأنابيب العاجية	على قناة ستنسن~عبر الحليمات اللسانية~عبر شراع الحنك	متبعا ً األنابيب
17	04	69	ما الاتجاه الجانبي لانتشار نخر العاج المذكور في المقرر؟	خط الاتصال المينائي العاجي	قناة وارطون~خط اتحاد الفك العلوي~لجام اللسان	خط االتصال
17	04-b	70	ما معنى الألم العفوي ضمن وصف التهاب اللب في المقرر؟	ألم دون مثير مباشر	ألم يظهر فقط مع الماء البارد~ألم يظهر فقط مع السكر~ألم يظهر فقط عند المضغ	آالم عفوية
17	04-b	70	إلى أين قد تمتد الجراثيم بعد عبور ذرى الجذور وفق المقرر؟	النسج المحيطة بالسن	المواشير المينائية فقط~قناة ستنسن فقط~سطح الشفة وحده	تجتاز الجراثيم
06	02	13	ما المدى العمري لـبزوغ الثنايا اللبنية العلوية في جدول المقرر؟	6-8 شهرًا	9-13 شهرًا~16-22 شهرًا~25-33 شهرًا	مواعيد
06	02	13	ما المدى العمري لـسقوط الثنايا اللبنية العلوية في جدول المقرر؟	6-7 سنة	7-8 سنة~9-11 سنة~10-12 سنة	مواعيد
06	02	13	ما المدى العمري لـبزوغ الرباعيات اللبنية العلوية في جدول المقرر؟	9-13 شهرًا	6-8 شهرًا~16-22 شهرًا~25-33 شهرًا	مواعيد
06	02	13	ما المدى العمري لـسقوط الرباعيات اللبنية العلوية في جدول المقرر؟	7-8 سنة	6-7 سنة~9-11 سنة~10-12 سنة	مواعيد
06	02	13	ما المدى العمري لـبزوغ الأنياب اللبنية العلوية في جدول المقرر؟	16-22 شهرًا	6-8 شهرًا~9-13 شهرًا~25-33 شهرًا	مواعيد
06	02	13	ما المدى العمري لـسقوط الأنياب اللبنية العلوية في جدول المقرر؟	10-12 سنة	6-7 سنة~7-8 سنة~9-11 سنة	مواعيد
06	02	13	ما المدى العمري لـبزوغ الأرحاء الأولى اللبنية العلوية في جدول المقرر؟	13-19 شهرًا	6-8 شهرًا~9-13 شهرًا~16-22 شهرًا	مواعيد
06	02	13	ما المدى العمري لـسقوط الأرحاء الأولى اللبنية العلوية في جدول المقرر؟	9-11 سنة	6-7 سنة~7-8 سنة~10-12 سنة	مواعيد
06	02	13	ما المدى العمري لـبزوغ الأرحاء الثانية اللبنية العلوية في جدول المقرر؟	25-33 شهرًا	6-8 شهرًا~9-13 شهرًا~16-22 شهرًا	مواعيد
06	02	13	ما المدى العمري لـسقوط الأرحاء الثانية اللبنية العلوية في جدول المقرر؟	10-12 سنة	6-7 سنة~7-8 سنة~9-11 سنة	مواعيد
06	02	13	ما المدى العمري لـبزوغ الثنايا اللبنية السفلية في جدول المقرر؟	6-10 شهرًا	6-8 شهرًا~9-13 شهرًا~16-22 شهرًا	مواعيد
06	02	13	ما المدى العمري لـسقوط الثنايا اللبنية السفلية في جدول المقرر؟	6-7 سنة	7-8 سنة~9-11 سنة~10-12 سنة	مواعيد
06	02	13	ما المدى العمري لـبزوغ الرباعيات اللبنية السفلية في جدول المقرر؟	10-16 شهرًا	6-8 شهرًا~9-13 شهرًا~16-22 شهرًا	مواعيد
06	02	13	ما المدى العمري لـسقوط الرباعيات اللبنية السفلية في جدول المقرر؟	7-8 سنة	6-7 سنة~9-11 سنة~10-12 سنة	مواعيد
06	02	13	ما المدى العمري لـبزوغ الأنياب اللبنية السفلية في جدول المقرر؟	17-23 شهرًا	6-8 شهرًا~9-13 شهرًا~16-22 شهرًا	مواعيد
06	02	13	ما المدى العمري لـسقوط الأنياب اللبنية السفلية في جدول المقرر؟	9-12 سنة	6-7 سنة~7-8 سنة~9-11 سنة	مواعيد
06	02	13	ما المدى العمري لـبزوغ الأرحاء الأولى اللبنية السفلية في جدول المقرر؟	14-18 شهرًا	6-8 شهرًا~9-13 شهرًا~16-22 شهرًا	مواعيد
06	02	13	ما المدى العمري لـسقوط الأرحاء الأولى اللبنية السفلية في جدول المقرر؟	9-11 سنة	6-7 سنة~7-8 سنة~10-12 سنة	مواعيد
06	02	13	ما المدى العمري لـبزوغ الأرحاء الثانية اللبنية السفلية في جدول المقرر؟	23-31 شهرًا	6-8 شهرًا~9-13 شهرًا~16-22 شهرًا	مواعيد
06	02	13	ما المدى العمري لـسقوط الأرحاء الثانية اللبنية السفلية في جدول المقرر؟	10-12 سنة	6-7 سنة~7-8 سنة~9-11 سنة	مواعيد
06	05	15	ما مدى بزوغ الثنية الدائمة في الفك العلوي وفق جدول المقرر (بالسنوات)؟	7-8 سنة	6-7 سنة~10-12 سنة~17-21 سنة	موعد بزوغها
06	05	15	ما مدى بزوغ الرباعية الدائمة في الفك العلوي وفق جدول المقرر (بالسنوات)؟	8-9 سنة	6-7 سنة~7-8 سنة~10-12 سنة	موعد بزوغها
06	05	15	ما مدى بزوغ الناب الدائمة في الفك العلوي وفق جدول المقرر (بالسنوات)؟	11-12 سنة	6-7 سنة~7-8 سنة~10-12 سنة	موعد بزوغها
06	05	15	ما مدى بزوغ الضاحك الأول الدائمة في الفك العلوي وفق جدول المقرر (بالسنوات)؟	10-11 سنة	6-7 سنة~7-8 سنة~10-12 سنة	موعد بزوغها
06	05	15	ما مدى بزوغ الضاحك الثاني الدائمة في الفك العلوي وفق جدول المقرر (بالسنوات)؟	10-12 سنة	6-7 سنة~7-8 سنة~17-21 سنة	موعد بزوغها
06	05	15	ما مدى بزوغ الرحى الأولى الدائمة في الفك العلوي وفق جدول المقرر (بالسنوات)؟	6-7 سنة	7-8 سنة~10-12 سنة~17-21 سنة	موعد بزوغها
06	05	15	ما مدى بزوغ الرحى الثانية الدائمة في الفك العلوي وفق جدول المقرر (بالسنوات)؟	12-13 سنة	6-7 سنة~7-8 سنة~10-12 سنة	موعد بزوغها
06	05	15	ما مدى بزوغ الرحى الثالثة الدائمة في الفك العلوي وفق جدول المقرر (بالسنوات)؟	17-21 سنة	6-7 سنة~7-8 سنة~10-12 سنة	موعد بزوغها
06	05	15	ما مدى بزوغ الثنية الدائمة في الفك السفلي وفق جدول المقرر (بالسنوات)؟	6-7 سنة	7-8 سنة~10-12 سنة~17-21 سنة	موعد بزوغها
06	05	15	ما مدى بزوغ الرباعية الدائمة في الفك السفلي وفق جدول المقرر (بالسنوات)؟	7-8 سنة	6-7 سنة~10-12 سنة~17-21 سنة	موعد بزوغها
06	05	15	ما مدى بزوغ الناب الدائمة في الفك السفلي وفق جدول المقرر (بالسنوات)؟	9-10 سنة	6-7 سنة~7-8 سنة~10-12 سنة	موعد بزوغها
06	05	15	ما مدى بزوغ الضاحك الأول الدائمة في الفك السفلي وفق جدول المقرر (بالسنوات)؟	10-12 سنة	6-7 سنة~7-8 سنة~17-21 سنة	موعد بزوغها
06	05	15	ما مدى بزوغ الضاحك الثاني الدائمة في الفك السفلي وفق جدول المقرر (بالسنوات)؟	11-12 سنة	6-7 سنة~7-8 سنة~10-12 سنة	موعد بزوغها
06	05	15	ما مدى بزوغ الرحى الأولى الدائمة في الفك السفلي وفق جدول المقرر (بالسنوات)؟	6-7 سنة	7-8 سنة~10-12 سنة~17-21 سنة	موعد بزوغها
06	05	15	ما مدى بزوغ الرحى الثانية الدائمة في الفك السفلي وفق جدول المقرر (بالسنوات)؟	11-13 سنة	6-7 سنة~7-8 سنة~10-12 سنة	موعد بزوغها
06	05	15	ما مدى بزوغ الرحى الثالثة الدائمة في الفك السفلي وفق جدول المقرر (بالسنوات)؟	17-21 سنة	6-7 سنة~7-8 سنة~10-12 سنة	موعد بزوغها
12	01-b	40	كيف يمكن أن تظهر اندفاعات القلاع المتعدد بحسب المقرر؟	في آن واحد أو واحدة تلو الأخرى	دائمًا آفة واحدة فقط~دائمًا في العظم فقط~دائمًا بلا تقرحات	واحدة تلو
